<?xml version="1.0" encoding="UTF-8"?>
<jax-ws xmlns="http://www.netbeans.org/ns/jax-ws/1">
  <services/>
  <clients>
    <client name="AddressWebService">
      <wsdl-url>http://localhost:8080/WebServiceProject/AddressWebService?WSDL</wsdl-url>
      <local-wsdl-file>localhost_8080/WebServiceProject/AddressWebService.wsdl</local-wsdl-file>
      <package-name forceReplace="true">chapter42</package-name>
      <catalog-file>catalog.xml</catalog-file>
    </client>
    <client name="QuizWebService">
      <wsdl-url>http://localhost:8080/WebServiceProject/QuizWebService?WSDL</wsdl-url>
      <local-wsdl-file>localhost_8080/WebServiceProject/QuizWebService.wsdl</local-wsdl-file>
      <package-name forceReplace="true">chapter42Quiz</package-name>
      <catalog-file>catalog.xml</catalog-file>
    </client>
  </clients>
</jax-ws>
