<?xml version="1.0" encoding="UTF-8"?>
<!--
        *** GENERATED FROM jax-ws.xml - DO NOT EDIT !                             ***
        *** TO MODIFY wsimport options USE Web Service node -> Edit WS Attributes ***
        *** TO CHANGE TARGETS GENERATED TO jaxws-build.xml COPY THOSE             ***
        *** TARGETS TO ../build.xml AND MODIFY THAT FILE INSTEAD                  ***

        -->
<project xmlns:xalan="http://xml.apache.org/xslt" xmlns:webproject2="http://www.netbeans.org/ns/web-project/2" xmlns:jaxws="http://www.netbeans.org/ns/jax-ws/1">
    <!--
                ===================
                JAX-WS WSGEN SECTION
                ===================
            -->
    <!--
                ===================
                JAX-WS WSIMPORT SECTION
                ===================
            -->
    <target name="wsimport-init" depends="init">
        <mkdir dir="${build.generated.sources.dir}/jax-ws"/>
        <taskdef name="wsimport" classname="com.sun.tools.ws.ant.WsImport">
            <classpath path="${java.home}/../lib/tools.jar:${j2ee.platform.wsimport.classpath}:${javac.classpath}"/>
        </taskdef>
        <condition property="conf-dir" value="${conf.dir}/" else="">
            <isset property="conf.dir"/>
        </condition>
    </target>
    <target name="wsimport-client-AddressWebService" depends="wsimport-init">
        <mkdir dir="${build.generated.dir}/jax-wsCache/AddressWebService"/>
        <wsimport sourcedestdir="${build.generated.dir}/jax-wsCache/AddressWebService" destdir="${build.generated.dir}/jax-wsCache/AddressWebService" wsdl="${basedir}/${conf-dir}xml-resources/web-service-references/AddressWebService/wsdl/localhost_8080/WebServiceProject/AddressWebService.wsdl" catalog="catalog.xml"/>
        <copy todir="${build.generated.sources.dir}/jax-ws">
            <fileset dir="${build.generated.dir}/jax-wsCache/AddressWebService">
                <include name="**/*.java"/>
            </fileset>
        </copy>
    </target>
    <target name="wsimport-client-clean-AddressWebService" depends="-init-project">
        <delete dir="${build.generated.sources.dir}/jax-ws/chapter42"/>
        <delete dir="${build.generated.dir}/jax-wsCache/AddressWebService"/>
    </target>
    <target name="wsimport-client-QuizWebService" depends="wsimport-init">
        <mkdir dir="${build.generated.dir}/jax-wsCache/QuizWebService"/>
        <wsimport sourcedestdir="${build.generated.dir}/jax-wsCache/QuizWebService" destdir="${build.generated.dir}/jax-wsCache/QuizWebService" wsdl="${basedir}/${conf-dir}xml-resources/web-service-references/QuizWebService/wsdl/localhost_8080/WebServiceProject/QuizWebService.wsdl" catalog="catalog.xml"/>
        <copy todir="${build.generated.sources.dir}/jax-ws">
            <fileset dir="${build.generated.dir}/jax-wsCache/QuizWebService">
                <include name="**/*.java"/>
            </fileset>
        </copy>
    </target>
    <target name="wsimport-client-clean-QuizWebService" depends="-init-project">
        <delete dir="${build.generated.sources.dir}/jax-ws/chapter42Quiz"/>
        <delete dir="${build.generated.dir}/jax-wsCache/QuizWebService"/>
    </target>
    <target name="wsimport-client-generate" depends="wsimport-client-AddressWebService, wsimport-client-QuizWebService"/>
</project>
